ID,name,PhotoUrl
660128760 	Lucille Nguyen      	https://randomuser.me/api/portraits/women/44.jpg
314579079 	Raul Nichols        	https://randomuser.me/api/portraits/men/58.jpg
781851545 	Beatrice Wallace    	https://randomuser.me/api/portraits/women/34.jpg
536961504 	Juan Bradley        	https://randomuser.me/api/portraits/men/31.jpg
806024750 	Lauren Neal         	https://randomuser.me/api/portraits/women/10.jpg
572163652 	Violet Murray       	https://randomuser.me/api/portraits/women/42.jpg
380550423 	Alma Knight         	https://randomuser.me/api/portraits/women/15.jpg
603823827 	June Dean           	https://randomuser.me/api/portraits/women/63.jpg
652645704 	Evan Pierce         	https://randomuser.me/api/portraits/men/14.jpg
720468255 	Chester Scott       	https://randomuser.me/api/portraits/men/60.jpg
